,gene_symbols
ENSG00000000938,FGR
ENSG00000000971,CFH
ENSG00000002587,HS3ST1
ENSG00000002933,TMEM176A
ENSG00000003436,TFPI
ENSG00000004776,HSPB6
ENSG00000004799,PDK4
ENSG00000004838,ZMYND10
ENSG00000005448,WDR54
ENSG00000005844,ITGAL
ENSG00000006071,ABCC8
ENSG00000006210,CX3CL1
ENSG00000006327,TNFRSF12A
ENSG00000007038,PRSS21
ENSG00000007062,PROM1
ENSG00000007171,NOS2
ENSG00000007174,DNAH9
ENSG00000007264,MATK
ENSG00000007312,CD79B
ENSG00000007350,TKTL1
ENSG00000007908,SELE
ENSG00000007933,FMO3
ENSG00000008226,DLEC1
ENSG00000008394,MGST1
ENSG00000008517,IL32
ENSG00000008838,MED24
ENSG00000009790,TRAF3IP3
ENSG00000010319,SEMA3G
ENSG00000010327,STAB1
ENSG00000010626,LRRC23
ENSG00000010810,FYN
ENSG00000011422,PLAUR
ENSG00000011465,DCN
ENSG00000011590,ZBTB32
ENSG00000011600,TYROBP
ENSG00000012124,CD22
ENSG00000012171,SEMA3B
ENSG00000012223,LTF
ENSG00000012779,ALOX5
ENSG00000013588,GPRC5A
ENSG00000013725,CD6
ENSG00000015285,WAS
ENSG00000016602,CLCA4
ENSG00000017427,IGF1
ENSG00000018280,SLC11A1
ENSG00000019102,VSIG2
ENSG00000019169,MARCO
ENSG00000019186,CYP24A1
ENSG00000020633,RUNX3
ENSG00000022267,FHL1
ENSG00000023445,BIRC3
ENSG00000023902,PLEKHO1
ENSG00000025423,HSD17B6
ENSG00000026025,VIM
ENSG00000026751,SLAMF7
ENSG00000027075,PRKCH
ENSG00000027869,SH2D2A
ENSG00000028137,TNFRSF1B
ENSG00000028277,POU2F2
ENSG00000029559,IBSP
ENSG00000034053,APBA2
ENSG00000034239,EFCAB1
ENSG00000034971,MYOC
ENSG00000035664,DAPK2
ENSG00000035720,STAP1
ENSG00000038427,VCAN
ENSG00000038945,MSR1
ENSG00000039139,DNAH5
ENSG00000041982,TNC
ENSG00000042980,ADAM28
ENSG00000043462,LCP2
ENSG00000043591,ADRB1
ENSG00000046653,GPM6B
ENSG00000047457,CP
ENSG00000048462,TNFRSF17
ENSG00000049247,UTS2
ENSG00000049249,TNFRSF9
ENSG00000049323,LTBP1
ENSG00000049540,ELN
ENSG00000050165,DKK3
ENSG00000050730,TNIP3
ENSG00000052802,MSMO1
ENSG00000054654,SYNE2
ENSG00000055118,KCNH2
ENSG00000055163,CYFIP2
ENSG00000056558,TRAF1
ENSG00000057149,SERPINB3
ENSG00000057657,PRDM1
ENSG00000058085,LAMC2
ENSG00000059728,MXD1
ENSG00000059804,SLC2A3
ENSG00000064012,CASP8
ENSG00000064199,SPA17
ENSG00000064205,WISP2
ENSG00000064886,CHI3L2
ENSG00000064989,CALCRL
ENSG00000065054,SLC9A3R2
ENSG00000065413,ANKRD44
ENSG00000065534,MYLK
ENSG00000065618,COL17A1
ENSG00000065675,PRKCQ
ENSG00000066056,TIE1
ENSG00000066294,CD84
ENSG00000066336,SPI1
ENSG00000066405,CLDN18
ENSG00000067113,PLPP1
ENSG00000067715,SYT1
ENSG00000068001,HYAL2
ENSG00000068831,RASGRP2
ENSG00000069122,ADGRF5
ENSG00000069493,CLEC2D
ENSG00000069535,MAOB
ENSG00000069667,RORA
ENSG00000069702,TGFBR3
ENSG00000070031,SCT
ENSG00000070404,FSTL3
ENSG00000071073,MGAT4A
ENSG00000071282,LMCD1
ENSG00000071991,CDH19
ENSG00000072163,LIMS2
ENSG00000072694,FCGR2B
ENSG00000072786,STK10
ENSG00000072818,ACAP1
ENSG00000073712,FERMT2
ENSG00000073737,DHRS9
ENSG00000073756,PTGS2
ENSG00000073861,TBX21
ENSG00000074181,NOTCH3
ENSG00000074370,ATP2A3
ENSG00000074706,IPCEF1
ENSG00000074966,TXK
ENSG00000075618,FSCN1
ENSG00000075673,ATP12A
ENSG00000075884,ARHGAP15
ENSG00000076641,PAG1
ENSG00000076662,ICAM3
ENSG00000076706,MCAM
ENSG00000077327,SPAG6
ENSG00000077782,FGFR1
ENSG00000077942,FBLN1
ENSG00000077943,ITGA8
ENSG00000077984,CST7
ENSG00000078018,MAP2
ENSG00000078081,LAMP3
ENSG00000078401,EDN1
ENSG00000078589,P2RY10
ENSG00000078596,ITM2A
ENSG00000078898,BPIFB2
ENSG00000079102,RUNX1T1
ENSG00000079257,LXN
ENSG00000079689,SCGN
ENSG00000079931,MOXD1
ENSG00000079974,RABL2B
ENSG00000080298,RFX3
ENSG00000080823,MOK
ENSG00000081041,CXCL2
ENSG00000081059,TCF7
ENSG00000081189,MEF2C
ENSG00000081237,PTPRC
ENSG00000081320,STK17B
ENSG00000082074,FYB
ENSG00000083454,P2RX5
ENSG00000085265,FCN1
ENSG00000085514,PILRA
ENSG00000085563,ABCB1
ENSG00000086300,SNX10
ENSG00000086548,CEACAM6
ENSG00000086730,LAT2
ENSG00000087128,TMPRSS11E
ENSG00000087245,MMP2
ENSG00000087589,CASS4
ENSG00000088179,PTPN4
ENSG00000088727,KIF9
ENSG00000088992,TESC
ENSG00000089012,SIRPG
ENSG00000089199,CHGB
ENSG00000089327,FXYD5
ENSG00000089356,FXYD3
ENSG00000089692,LAG3
ENSG00000090006,LTBP4
ENSG00000090104,RGS1
ENSG00000090339,ICAM1
ENSG00000090382,LYZ
ENSG00000091137,SLC26A4
ENSG00000091409,ITGA6
ENSG00000091428,RAPGEF4
ENSG00000091879,ANGPT2
ENSG00000091972,CD200
ENSG00000091986,CCDC80
ENSG00000092009,CMA1
ENSG00000092850,TEKT2
ENSG00000093134,VNN3
ENSG00000094963,FMO2
ENSG00000095303,PTGS1
ENSG00000095370,SH2D3C
ENSG00000095596,CYP26A1
ENSG00000095794,CREM
ENSG00000095917,TPSD1
ENSG00000095970,TREM2
ENSG00000096006,CRISP3
ENSG00000096088,PGC
ENSG00000096093,EFHC1
ENSG00000099194,SCD
ENSG00000099260,PALMD
ENSG00000099860,GADD45B
ENSG00000099958,DERL3
ENSG00000099985,OSM
ENSG00000100027,YPEL1
ENSG00000100055,CYTH4
ENSG00000100060,MFNG
ENSG00000100079,LGALS2
ENSG00000100097,LGALS1
ENSG00000100100,PIK3IP1
ENSG00000100234,TIMP3
ENSG00000100292,HMOX1
ENSG00000100351,GRAP2
ENSG00000100368,CSF2RB
ENSG00000100385,IL2RB
ENSG00000100448,CTSG
ENSG00000100450,GZMH
ENSG00000100453,GZMB
ENSG00000100604,CHGA
ENSG00000100721,TCL1A
ENSG00000100979,PLTP
ENSG00000100985,MMP9
ENSG00000101000,PROCR
ENSG00000101082,SLA2
ENSG00000101096,NFATC2
ENSG00000101109,STK4
ENSG00000101160,CTSZ
ENSG00000101187,SLCO4A1
ENSG00000101222,SPEF1
ENSG00000101265,RASSF2
ENSG00000101335,MYL9
ENSG00000101336,HCK
ENSG00000101443,WFDC2
ENSG00000101445,PPP1R16B
ENSG00000101448,EPPIN
ENSG00000101596,SMCHD1
ENSG00000101695,RNF125
ENSG00000101938,CHRDL1
ENSG00000101955,SRPX
ENSG00000102010,BMX
ENSG00000102024,PLS3
ENSG00000102096,PIM2
ENSG00000102109,PCSK1N
ENSG00000102145,GATA1
ENSG00000102245,CD40LG
ENSG00000102265,TIMP1
ENSG00000102524,TNFSF13B
ENSG00000102575,ACP5
ENSG00000102738,MRPS31
ENSG00000102755,FLT1
ENSG00000102760,RGCC
ENSG00000102794,IRG1
ENSG00000102837,OLFM4
ENSG00000102854,MSLN
ENSG00000102879,CORO1A
ENSG00000102934,PLLP
ENSG00000102962,CCL22
ENSG00000102970,CCL17
ENSG00000103021,CCDC113
ENSG00000103034,NDRG4
ENSG00000103175,WFDC1
ENSG00000103187,COTL1
ENSG00000103196,CRISPLD2
ENSG00000103241,FOXF1
ENSG00000103257,SLC7A5
ENSG00000103522,IL21R
ENSG00000103534,TMC5
ENSG00000103569,AQP9
ENSG00000104218,CSPP1
ENSG00000104237,RP1
ENSG00000104267,CA2
ENSG00000104332,SFRP1
ENSG00000104368,PLAT
ENSG00000104722,NEFM
ENSG00000104894,CD37
ENSG00000104918,RETN
ENSG00000104921,FCER2
ENSG00000104951,IL4I1
ENSG00000104972,LILRB1
ENSG00000104974,LILRA1
ENSG00000104998,IL27RA
ENSG00000105122,RASAL3
ENSG00000105246,EBI3
ENSG00000105329,TGFB1
ENSG00000105339,DENND3
ENSG00000105369,CD79A
ENSG00000105371,ICAM4
ENSG00000105374,NKG7
ENSG00000105388,CEACAM5
ENSG00000105426,PTPRS
ENSG00000105479,CCDC114
ENSG00000105492,SIGLEC6
ENSG00000105509,HAS1
ENSG00000105519,CAPS
ENSG00000105639,JAK3
ENSG00000105655,ISYNA1
ENSG00000105664,COMP
ENSG00000105697,HAMP
ENSG00000105717,PBX4
ENSG00000105825,TFPI2
ENSG00000105849,TWISTNB
ENSG00000105851,PIK3CG
ENSG00000105877,DNAH11
ENSG00000105894,PTN
ENSG00000105971,CAV2
ENSG00000105974,CAV1
ENSG00000106003,LFNG
ENSG00000106066,CPVL
ENSG00000106258,CYP3A5
ENSG00000106333,PCOLCE
ENSG00000106366,SERPINE1
ENSG00000106483,SFRP4
ENSG00000106537,TSPAN13
ENSG00000106538,RARRES2
ENSG00000106541,AGR2
ENSG00000106560,GIMAP2
ENSG00000106565,TMEM176B
ENSG00000106624,AEBP1
ENSG00000106809,OGN
ENSG00000106819,ASPN
ENSG00000106948,AKNA
ENSG00000106952,TNFSF8
ENSG00000106991,ENG
ENSG00000106992,AK1
ENSG00000107281,NPDC1
ENSG00000107317,PTGDS
ENSG00000107485,GATA3
ENSG00000107562,CXCL12
ENSG00000107742,SPOCK2
ENSG00000107796,ACTA2
ENSG00000107984,DKK1
ENSG00000108179,PPIF
ENSG00000108244,KRT23
ENSG00000108342,CSF3
ENSG00000108370,RGS9
ENSG00000108405,P2RX1
ENSG00000108551,RASD1
ENSG00000108576,SLC6A4
ENSG00000108602,ALDH3A1
ENSG00000108622,ICAM2
ENSG00000108641,B9D1
ENSG00000108688,CCL7
ENSG00000108691,CCL2
ENSG00000108700,CCL8
ENSG00000108702,CCL1
ENSG00000108798,ABI3
ENSG00000108821,COL1A1
ENSG00000108823,SGCA
ENSG00000108932,SLC16A6
ENSG00000109099,PMP22
ENSG00000109193,SULT1E1
ENSG00000109205,ODAM
ENSG00000109208,SMR3A
ENSG00000109321,AREG
ENSG00000109452,INPP4B
ENSG00000109471,IL2
ENSG00000109472,CPE
ENSG00000109610,SOD3
ENSG00000109684,CLNK
ENSG00000109686,SH3D19
ENSG00000109846,CRYAB
ENSG00000109906,ZBTB16
ENSG00000109943,CRTAM
ENSG00000110047,EHD1
ENSG00000110077,MS4A6A
ENSG00000110079,MS4A4A
ENSG00000110092,CCND1
ENSG00000110195,FOLR1
ENSG00000110318,CEP126
ENSG00000110324,IL10RA
ENSG00000110328,GALNT18
ENSG00000110448,CD5
ENSG00000110680,CALCA
ENSG00000110799,VWF
ENSG00000110841,PPFIBP1
ENSG00000110848,CD69
ENSG00000110852,CLEC2B
ENSG00000110934,BIN2
ENSG00000110944,IL23A
ENSG00000111057,KRT18
ENSG00000111145,ELK3
ENSG00000111215,PRR4
ENSG00000111341,MGP
ENSG00000111404,RERGL
ENSG00000111537,IFNG
ENSG00000111729,CLEC4A
ENSG00000111796,KLRB1
ENSG00000111799,COL12A1
ENSG00000111834,RSPH4A
ENSG00000111859,NEDD9
ENSG00000111912,NCOA7
ENSG00000111913,FAM65B
ENSG00000112096,SOD2
ENSG00000112115,IL17A
ENSG00000112116,IL17F
ENSG00000112137,PHACTR1
ENSG00000112149,CD83
ENSG00000112214,FHL5
ENSG00000112378,PERP
ENSG00000112394,SLC16A10
ENSG00000112414,ADGRG6
ENSG00000112486,CCR6
ENSG00000112530,PACRG
ENSG00000112539,C6orf118
ENSG00000112715,VEGFA
ENSG00000112769,LAMA4
ENSG00000112782,CLIC5
ENSG00000112799,LY86
ENSG00000112902,SEMA5A
ENSG00000112936,C7
ENSG00000112972,HMGCS1
ENSG00000112981,NME5
ENSG00000113070,HBEGF
ENSG00000113088,GZMK
ENSG00000113140,SPARC
ENSG00000113263,ITK
ENSG00000113303,BTNL8
ENSG00000113361,CDH6
ENSG00000113368,LMNB1
ENSG00000113389,NPR3
ENSG00000113532,ST8SIA4
ENSG00000113594,LIFR
ENSG00000113657,DPYSL3
ENSG00000113721,PDGFRB
ENSG00000113739,STC2
ENSG00000113749,HRH2
ENSG00000114013,CD86
ENSG00000114315,HES1
ENSG00000114446,IFT57
ENSG00000114473,IQCG
ENSG00000114698,PLSCR4
ENSG00000114854,TNNC1
ENSG00000115008,IL1A
ENSG00000115009,CCL20
ENSG00000115085,ZAP70
ENSG00000115165,CYTIP
ENSG00000115232,ITGA4
ENSG00000115380,EFEMP1
ENSG00000115414,FN1
ENSG00000115423,DNAH6
ENSG00000115457,IGFBP2
ENSG00000115461,IGFBP5
ENSG00000115523,GNLY
ENSG00000115590,IL1R2
ENSG00000115594,IL1R1
ENSG00000115602,IL1RL1
ENSG00000115604,IL18R1
ENSG00000115607,IL18RAP
ENSG00000115738,ID2
ENSG00000115828,QPCT
ENSG00000115919,KYNU
ENSG00000115935,WIPF1
ENSG00000115956,PLEK
ENSG00000115963,RND3
ENSG00000116016,EPAS1
ENSG00000116031,CD207
ENSG00000116132,PRRX1
ENSG00000116133,DHCR24
ENSG00000116285,ERRFI1
ENSG00000116299,KIAA1324
ENSG00000116678,LEPR
ENSG00000116690,PRG4
ENSG00000116717,GADD45A
ENSG00000116741,RGS2
ENSG00000116774,OLFML3
ENSG00000116824,CD2
ENSG00000116885,OSCP1
ENSG00000116962,NID1
ENSG00000117090,SLAMF1
ENSG00000117091,CD48
ENSG00000117114,ADGRL2
ENSG00000117122,MFAP2
ENSG00000117228,GBP1
ENSG00000117281,CD160
ENSG00000117298,ECE1
ENSG00000117318,ID3
ENSG00000117461,PIK3R3
ENSG00000117472,TSPAN1
ENSG00000117519,CNN3
ENSG00000117525,F3
ENSG00000117560,FASLG
ENSG00000117594,HSD11B1
ENSG00000117632,STMN1
ENSG00000117707,PROX1
ENSG00000117724,CENPF
ENSG00000117983,MUC5B
ENSG00000118194,TNNT2
ENSG00000118292,C1orf54
ENSG00000118307,CASC1
ENSG00000118308,LRMP
ENSG00000118407,FILIP1
ENSG00000118492,ADGB
ENSG00000118503,TNFAIP3
ENSG00000118515,SGK1
ENSG00000118520,ARG1
ENSG00000118523,CTGF
ENSG00000118526,TCF21
ENSG00000118785,SPP1
ENSG00000118849,RARRES1
ENSG00000118946,PCDH17
ENSG00000118971,CCND2
ENSG00000118997,DNAH7
ENSG00000119147,C2orf40
ENSG00000119326,CTNNAL1
ENSG00000119508,NR4A3
ENSG00000119535,CSF3R
ENSG00000119636,BBOF1
ENSG00000119681,LTBP2
ENSG00000119888,EPCAM
ENSG00000120156,TEK
ENSG00000120262,CCDC170
ENSG00000120279,MYCT1
ENSG00000120280,CXorf21
ENSG00000120708,TGFBI
ENSG00000120738,EGR1
ENSG00000120833,SOCS2
ENSG00000120875,DUSP4
ENSG00000120885,CLU
ENSG00000121068,TBX2
ENSG00000121410,A1BG
ENSG00000121552,CSTA
ENSG00000121769,FABP3
ENSG00000121807,CCR2
ENSG00000121858,TNFSF10
ENSG00000121895,TMEM156
ENSG00000121933,TMIGD3
ENSG00000121966,CXCR4
ENSG00000122133,PAEP
ENSG00000122188,LAX1
ENSG00000122223,CD244
ENSG00000122224,LY9
ENSG00000122417,ODF2L
ENSG00000122641,INHBA
ENSG00000122679,RAMP3
ENSG00000122735,DNAI1
ENSG00000122786,CALD1
ENSG00000122852,SFTPA1
ENSG00000122861,PLAU
ENSG00000122862,SRGN
ENSG00000122877,EGR2
ENSG00000123095,BHLHE41
ENSG00000123329,ARHGAP9
ENSG00000123338,NCKAP1L
ENSG00000123342,MMP19
ENSG00000123358,NR4A1
ENSG00000123610,TNFAIP6
ENSG00000123689,G0S2
ENSG00000123838,C4BPA
ENSG00000123977,DAW1
ENSG00000124102,PI3
ENSG00000124107,SLPI
ENSG00000124126,PREX1
ENSG00000124191,TOX2
ENSG00000124203,ZNF831
ENSG00000124212,PTGIS
ENSG00000124216,SNAI1
ENSG00000124237,C20orf85
ENSG00000124391,IL17C
ENSG00000124440,HIF3A
ENSG00000124466,LYPD3
ENSG00000124491,F13A1
ENSG00000124575,HIST1H1D
ENSG00000124731,TREM1
ENSG00000124762,CDKN1A
ENSG00000124766,SOX4
ENSG00000124785,NRN1
ENSG00000124875,CXCL6
ENSG00000124882,EREG
ENSG00000124939,SCGB2A1
ENSG00000125144,MT1G
ENSG00000125148,MT2A
ENSG00000125245,GPR18
ENSG00000125266,EFNB2
ENSG00000125347,IRF1
ENSG00000125354,SEPT6
ENSG00000125384,PTGER2
ENSG00000125498,KIR2DL1
ENSG00000125538,IL1B
ENSG00000125726,CD70
ENSG00000125730,C3
ENSG00000125735,TNFSF14
ENSG00000125740,FOSB
ENSG00000125810,CD93
ENSG00000125845,BMP2
ENSG00000125848,FLRT3
ENSG00000125851,PCSK2
ENSG00000125968,ID1
ENSG00000125999,BPIFB1
ENSG00000126264,HCST
ENSG00000126353,CCR7
ENSG00000126549,STATH
ENSG00000126709,IFI6
ENSG00000126759,CFP
ENSG00000126785,RHOJ
ENSG00000126803,HSPA2
ENSG00000126860,EVI2A
ENSG00000126861,OMG
ENSG00000126870,WDR60
ENSG00000127074,RGS13
ENSG00000127083,OMD
ENSG00000127084,FGD3
ENSG00000127129,EDN2
ENSG00000127152,BCL11B
ENSG00000127318,IL22
ENSG00000127324,TSPAN8
ENSG00000127329,PTPRB
ENSG00000127507,ADGRE2
ENSG00000127528,KLF2
ENSG00000127533,F2RL3
ENSG00000127824,TUBA4A
ENSG00000127920,GNG11
ENSG00000127951,FGL2
ENSG00000127954,STEAP4
ENSG00000128040,SPINK2
ENSG00000128052,KDR
ENSG00000128218,VPREB3
ENSG00000128340,RAC2
ENSG00000128342,LIF
ENSG00000128383,APOBEC3A
ENSG00000128422,KRT17
ENSG00000128510,CPA4
ENSG00000128536,CDHR3
ENSG00000128567,PODXL
ENSG00000128656,CHN1
ENSG00000129009,ISLR
ENSG00000129116,PALLD
ENSG00000129226,CD68
ENSG00000129355,CDKN2D
ENSG00000129451,KLK10
ENSG00000129538,RNASE1
ENSG00000129654,FOXJ1
ENSG00000129757,CDKN1C
ENSG00000129824,RPS4Y1
ENSG00000130176,CNN1
ENSG00000130203,APOE
ENSG00000130208,APOC1
ENSG00000130222,GADD45G
ENSG00000130300,PLVAP
ENSG00000130303,BST2
ENSG00000130307,USHBP1
ENSG00000130413,STK33
ENSG00000130513,GDF15
ENSG00000130592,LSP1
ENSG00000130635,COL5A1
ENSG00000130643,CALY
ENSG00000130755,GMFG
ENSG00000130830,MPP1
ENSG00000130844,ZNF331
ENSG00000130988,RGN
ENSG00000131016,AKAP12
ENSG00000131018,SYNE1
ENSG00000131042,LILRB2
ENSG00000131050,BPIFA2
ENSG00000131055,COX4I2
ENSG00000131097,HIGD1B
ENSG00000131203,IDO1
ENSG00000131386,GALNT15
ENSG00000131400,NAPSA
ENSG00000131471,AOC3
ENSG00000131477,RAMP2
ENSG00000131634,TMEM204
ENSG00000131686,CA6
ENSG00000131711,MAP1B
ENSG00000131747,TOP2A
ENSG00000131873,CHSY1
ENSG00000132031,MATN3
ENSG00000132185,FCRLA
ENSG00000132329,RAMP1
ENSG00000132334,PTPRE
ENSG00000132386,SERPINF1
ENSG00000132465,JCHAIN
ENSG00000132514,CLEC10A
ENSG00000132622,HSPA12B
ENSG00000132688,NES
ENSG00000132718,SYT11
ENSG00000132965,ALOX5AP
ENSG00000133048,CHI3L1
ENSG00000133063,CHIT1
ENSG00000133110,POSTN
ENSG00000133115,STOML3
ENSG00000133169,BEX1
ENSG00000133392,MYH11
ENSG00000133561,GIMAP6
ENSG00000133574,GIMAP4
ENSG00000133636,NTS
ENSG00000133640,LRRIQ1
ENSG00000133661,SFTPD
ENSG00000133665,DYDC2
ENSG00000133710,SPINK5
ENSG00000133742,CA1
ENSG00000133800,LYVE1
ENSG00000134020,PEBP4
ENSG00000134028,ADAMDEC1
ENSG00000134202,GSTM3
ENSG00000134242,PTPN22
ENSG00000134285,FKBP11
ENSG00000134339,SAA2
ENSG00000134363,FST
ENSG00000134443,GRP
ENSG00000134460,IL2RA
ENSG00000134531,EMP1
ENSG00000134539,KLRD1
ENSG00000134545,KLRC1
ENSG00000134551,PRH2
ENSG00000134594,RAB33A
ENSG00000134827,TCN1
ENSG00000134830,C5AR2
ENSG00000134853,PDGFRA
ENSG00000134871,COL4A2
ENSG00000134873,CLDN10
ENSG00000134917,ADAMTS8
ENSG00000134954,ETS1
ENSG00000135047,CTSL
ENSG00000135048,TMEM2
ENSG00000135074,ADAM19
ENSG00000135077,HAVCR2
ENSG00000135094,SDS
ENSG00000135111,TBX3
ENSG00000135205,CCDC146
ENSG00000135218,CD36
ENSG00000135245,HILPDA
ENSG00000135346,CGA
ENSG00000135426,TESPA1
ENSG00000135480,KRT7
ENSG00000135549,PKIB
ENSG00000135636,DYSF
ENSG00000135905,DOCK10
ENSG00000135916,ITM2C
ENSG00000135919,SERPINE2
ENSG00000135925,WNT10A
ENSG00000135929,CYP27A1
ENSG00000136040,PLXNC1
ENSG00000136153,LMO7
ENSG00000136155,SCEL
ENSG00000136160,EDNRB
ENSG00000136167,LCP1
ENSG00000136235,GPNMB
ENSG00000136237,RAPGEF5
ENSG00000136244,IL6
ENSG00000136250,AOAH
ENSG00000136286,MYO1G
ENSG00000136352,NKX2-1
ENSG00000136490,LIMD2
ENSG00000136546,SCN7A
ENSG00000136573,BLK
ENSG00000136634,IL10
ENSG00000136689,IL1RN
ENSG00000136732,GYPC
ENSG00000136918,WDR38
ENSG00000136960,ENPP2
ENSG00000136997,MYC
ENSG00000137033,IL33
ENSG00000137077,CCL21
ENSG00000137078,SIT1
ENSG00000137098,SPAG8
ENSG00000137193,PIM1
ENSG00000137265,IRF4
ENSG00000137331,IER3
ENSG00000137393,RNF144B
ENSG00000137440,FGFBP1
ENSG00000137441,FGFBP2
ENSG00000137491,SLCO2B1
ENSG00000137501,SYTL2
ENSG00000137507,LRRC32
ENSG00000137642,SORL1
ENSG00000137673,MMP7
ENSG00000137691,C11orf70
ENSG00000137726,FXYD6
ENSG00000137745,MMP13
ENSG00000137801,THBS1
ENSG00000137804,NUSAP1
ENSG00000137880,GCHFR
ENSG00000137959,IFI44L
ENSG00000137962,ARHGAP29
ENSG00000137975,CLCA2
ENSG00000138061,CYP1B1
ENSG00000138080,EMILIN1
ENSG00000138135,CH25H
ENSG00000138166,DUSP5
ENSG00000138182,KIF20B
ENSG00000138185,ENTPD1
ENSG00000138207,RBP4
ENSG00000138378,STAT4
ENSG00000138449,SLC40A1
ENSG00000138587,MNS1
ENSG00000138670,RASGEF1B
ENSG00000138684,IL21
ENSG00000138722,MMRN1
ENSG00000138755,CXCL9
ENSG00000138767,CNOT6L
ENSG00000138772,ANXA3
ENSG00000138795,LEF1
ENSG00000138821,SLC39A8
ENSG00000139116,KIF21A
ENSG00000139187,KLRG1
ENSG00000139193,CD27
ENSG00000139278,GLIPR1
ENSG00000139289,PHLDA1
ENSG00000139318,DUSP6
ENSG00000139329,LUM
ENSG00000139352,ASCL1
ENSG00000139537,CCDC65
ENSG00000139626,ITGB7
ENSG00000139629,GALNT6
ENSG00000139679,LPAR6
ENSG00000139722,VPS37B
ENSG00000139725,RHOF
ENSG00000140030,GPR65
ENSG00000140057,AK7
ENSG00000140092,FBLN5
ENSG00000140105,WARS
ENSG00000140274,DUOXA2
ENSG00000140285,FGF7
ENSG00000140287,HDC
ENSG00000140368,PSTPIP1
ENSG00000140379,BCL2A1
ENSG00000140403,DNAJA4
ENSG00000140416,TPM1
ENSG00000140465,CYP1A1
ENSG00000140519,RHCG
ENSG00000140563,MCTP2
ENSG00000140678,ITGAX
ENSG00000140682,TGFB1I1
ENSG00000140749,IGSF6
ENSG00000140931,CMTM3
ENSG00000140937,CDH11
ENSG00000140945,CDH13
ENSG00000140968,IRF8
ENSG00000141293,SKAP1
ENSG00000141294,LRRC46
ENSG00000141338,ABCA8
ENSG00000141433,ADCYAP1
ENSG00000141469,SLC14A1
ENSG00000141506,PIK3R5
ENSG00000141682,PMAIP1
ENSG00000141744,PNMT
ENSG00000141753,IGFBP4
ENSG00000141934,PLPP2
ENSG00000142089,IFITM3
ENSG00000142156,COL6A1
ENSG00000142173,COL6A2
ENSG00000142224,IL19
ENSG00000142227,EMP3
ENSG00000142347,MYO1F
ENSG00000142512,SIGLEC10
ENSG00000142621,FHAD1
ENSG00000142748,FCN3
ENSG00000142798,HSPG2
ENSG00000142871,CYR61
ENSG00000142910,TINAGL1
ENSG00000142973,CYP4B1
ENSG00000143110,C1orf162
ENSG00000143119,CD53
ENSG00000143127,ITGA10
ENSG00000143184,XCL1
ENSG00000143185,XCL2
ENSG00000143196,DPT
ENSG00000143226,FCGR2A
ENSG00000143248,RGS5
ENSG00000143297,FCRL5
ENSG00000143320,CRABP2
ENSG00000143333,RGS16
ENSG00000143369,ECM1
ENSG00000143387,CTSK
ENSG00000143416,SELENBP1
ENSG00000143443,C1orf56
ENSG00000143536,CRNN
ENSG00000143546,S100A8
ENSG00000143556,S100A7
ENSG00000143851,PTPN7
ENSG00000144061,NPHP1
ENSG00000144063,MALL
ENSG00000144218,AFF3
ENSG00000144451,SPAG16
ENSG00000144476,ACKR3
ENSG00000144802,NFKBIZ
ENSG00000144810,COL8A1
ENSG00000144824,PHLDB2
ENSG00000144837,PLA1A
ENSG00000145075,CCDC39
ENSG00000145147,SLIT2
ENSG00000145287,PLAC8
ENSG00000145416,MARCH1
ENSG00000145423,SFRP2
ENSG00000145491,ROPN1L
ENSG00000145632,PLK2
ENSG00000145649,GZMA
ENSG00000145675,PIK3R1
ENSG00000145703,IQGAP2
ENSG00000145824,CXCL14
ENSG00000145879,SPINK7
ENSG00000145936,KCNMB1
ENSG00000145990,GFOD1
ENSG00000146070,PLA2G7
ENSG00000146112,PPP1R18
ENSG00000146285,SCML4
ENSG00000146592,CREB5
ENSG00000146674,IGFBP3
ENSG00000147027,TMEM47
ENSG00000147113,CXorf36
ENSG00000147168,IL2RG
ENSG00000147257,GPC3
ENSG00000147400,CETN2
ENSG00000147443,DOK2
ENSG00000147454,SLC25A37
ENSG00000147676,MAL2
ENSG00000147862,NFIB
ENSG00000147872,PLIN2
ENSG00000148053,NTRK2
ENSG00000148180,GSN
ENSG00000148346,LCN2
ENSG00000148516,ZEB1
ENSG00000148671,ADIRF
ENSG00000148677,ANKRD1
ENSG00000148773,MKI67
ENSG00000148848,ADAM12
ENSG00000148926,ADM
ENSG00000149021,SCGB1A1
ENSG00000149043,SYT8
ENSG00000149131,SERPING1
ENSG00000149257,SERPINH1
ENSG00000149294,NCAM1
ENSG00000149435,GGTLC1
ENSG00000149516,MS4A3
ENSG00000149534,MS4A2
ENSG00000149564,ESAM
ENSG00000149591,TAGLN
ENSG00000149798,CDC42EP2
ENSG00000150045,KLRF1
ENSG00000150337,FCGR1A
ENSG00000150347,ARID5B
ENSG00000150637,CD226
ENSG00000150681,RGS18
ENSG00000150687,PRSS23
ENSG00000151023,ENKUR
ENSG00000151062,CACNA2D4
ENSG00000151418,ATP6V1G3
ENSG00000151632,AKR1C2
ENSG00000151651,ADAM8
ENSG00000151702,FLI1
ENSG00000151883,PARP8
ENSG00000151914,DST
ENSG00000151929,BAG3
ENSG00000152137,HSPB8
ENSG00000152270,PDE3B
ENSG00000152495,CAMK4
ENSG00000152518,ZFP36L2
ENSG00000152582,SPEF2
ENSG00000152583,SPARCL1
ENSG00000152611,CAPSL
ENSG00000152661,GJA1
ENSG00000152669,CCNO
ENSG00000152760,TCTEX1D1
ENSG00000152763,WDR78
ENSG00000152969,JAKMIP1
ENSG00000153234,NR4A2
ENSG00000153283,CD96
ENSG00000153347,FAM81B
ENSG00000153395,LPCAT1
ENSG00000153446,C16orf89
ENSG00000153563,CD8A
ENSG00000153721,CNKSR3
ENSG00000153789,FAM92B
ENSG00000154080,CHST9
ENSG00000154096,THY1
ENSG00000154099,DNAAF1
ENSG00000154133,ROBO4
ENSG00000154175,ABI3BP
ENSG00000154188,ANGPT1
ENSG00000154262,ABCA6
ENSG00000154277,UCHL1
ENSG00000154451,GBP5
ENSG00000154479,CCDC173
ENSG00000154553,PDLIM3
ENSG00000154556,SORBS2
ENSG00000154721,JAM2
ENSG00000154734,ADAMTS1
ENSG00000154814,OXNAD1
ENSG00000155011,DKK2
ENSG00000155307,SAMSN1
ENSG00000155622,XAGE2
ENSG00000155629,PIK3AP1
ENSG00000155657,TTN
ENSG00000155659,VSIG4
ENSG00000155719,OTOA
ENSG00000155761,SPAG17
ENSG00000155850,SLC26A2
ENSG00000155926,SLA
ENSG00000156042,CFAP70
ENSG00000156076,WIF1
ENSG00000156113,KCNMA1
ENSG00000156127,BATF
ENSG00000156234,CXCL13
ENSG00000156298,TSPAN7
ENSG00000156313,RPGR
ENSG00000156475,PPP2R2B
ENSG00000156738,MS4A1
ENSG00000156804,FBXO32
ENSG00000157005,SST
ENSG00000157168,NRG1
ENSG00000157404,KIT
ENSG00000157423,HYDIN
ENSG00000157514,TSC22D3
ENSG00000157554,ERG
ENSG00000157765,SLC34A2
ENSG00000157856,DRC1
ENSG00000158023,WDR66
ENSG00000158050,DUSP2
ENSG00000158062,UBXN11
ENSG00000158163,DZIP1L
ENSG00000158477,CD1A
ENSG00000158481,CD1C
ENSG00000158486,DNAH3
ENSG00000158488,CD1E
ENSG00000158517,NCF1
ENSG00000158578,ALAS2
ENSG00000158747,NBL1
ENSG00000158825,CDA
ENSG00000158859,ADAMTS4
ENSG00000158869,FCER1G
ENSG00000159167,STC1
ENSG00000159189,C1QC
ENSG00000159200,RCAN1
ENSG00000159231,CBR3
ENSG00000159251,ACTC1
ENSG00000159307,SCUBE1
ENSG00000159339,PADI4
ENSG00000159388,BTG2
ENSG00000159403,C1R
ENSG00000159496,RGL4
ENSG00000159588,CCDC17
ENSG00000159674,SPON2
ENSG00000159713,TPPP3
ENSG00000159723,AGRP
ENSG00000159763,PIP
ENSG00000159958,TNFRSF13C
ENSG00000160013,PTGIR
ENSG00000160180,TFF3
ENSG00000160182,TFF1
ENSG00000160188,RSPH1
ENSG00000160255,ITGB2
ENSG00000160298,C21orf58
ENSG00000160307,S100B
ENSG00000160345,C9orf116
ENSG00000160401,CFAP157
ENSG00000160472,TMEM190
ENSG00000160593,JAML
ENSG00000160654,CD3G
ENSG00000160678,S100A1
ENSG00000160683,CXCR5
ENSG00000160856,FCRL3
ENSG00000160862,AZGP1
ENSG00000160867,FGFR4
ENSG00000161055,SCGB3A1
ENSG00000161249,DMKN
ENSG00000161281,COX7A1
ENSG00000161405,IKZF3
ENSG00000161638,ITGA5
ENSG00000161649,CD300LG
ENSG00000161798,AQP5
ENSG00000161835,GRASP
ENSG00000161944,ASGR2
ENSG00000162004,CCDC78
ENSG00000162078,ZG16B
ENSG00000162366,PDZK1IP1
ENSG00000162367,TAL1
ENSG00000162399,BSND
ENSG00000162444,RBP7
ENSG00000162493,PDPN
ENSG00000162511,LAPTM5
ENSG00000162543,UBXN10
ENSG00000162545,CAMK2N1
ENSG00000162551,ALPL
ENSG00000162571,TTLL10
ENSG00000162576,MXRA8
ENSG00000162598,C1orf87
ENSG00000162614,NEXN
ENSG00000162616,DNAJB4
ENSG00000162618,ADGRL4
ENSG00000162654,GBP4
ENSG00000162676,GFI1
ENSG00000162692,VCAM1
ENSG00000162711,NLRP3
ENSG00000162739,SLAMF6
ENSG00000162745,OLFML2B
ENSG00000162772,ATF3
ENSG00000162814,SPATA17
ENSG00000162892,IL24
ENSG00000162894,FCMR
ENSG00000162896,PIGR
ENSG00000162998,FRZB
ENSG00000163017,ACTG2
ENSG00000163040,CCDC74A
ENSG00000163071,SPATA18
ENSG00000163072,NOSTRIN
ENSG00000163075,CFAP221
ENSG00000163106,HPGDS
ENSG00000163131,CTSS
ENSG00000163209,SPRR3
ENSG00000163216,SPRR2D
ENSG00000163219,ARHGAP25
ENSG00000163220,S100A9
ENSG00000163221,S100A12
ENSG00000163273,NPPC
ENSG00000163328,GPR155
ENSG00000163346,PBXIP1
ENSG00000163359,COL6A3
ENSG00000163421,PROK2
ENSG00000163430,FSTL1
ENSG00000163431,LMOD1
ENSG00000163435,ELF3
ENSG00000163453,IGFBP7
ENSG00000163491,NEK10
ENSG00000163508,EOMES
ENSG00000163519,TRAT1
ENSG00000163520,FBLN2
ENSG00000163563,MNDA
ENSG00000163564,PYHIN1
ENSG00000163576,EFHB
ENSG00000163599,CTLA4
ENSG00000163600,ICOS
ENSG00000163618,CADPS
ENSG00000163638,ADAMTS9
ENSG00000163661,PTX3
ENSG00000163687,DNASE1L3
ENSG00000163710,PCOLCE2
ENSG00000163734,CXCL3
ENSG00000163735,CXCL5
ENSG00000163736,PPBP
ENSG00000163737,PF4
ENSG00000163739,CXCL1
ENSG00000163751,CPA3
ENSG00000163762,TM4SF18
ENSG00000163823,CCR1
ENSG00000163879,DNALI1
ENSG00000163885,CFAP100
ENSG00000163993,S100P
ENSG00000164035,EMCN
ENSG00000164047,CAMP
ENSG00000164056,SPRY1
ENSG00000164104,HMGB2
ENSG00000164120,HPGD
ENSG00000164125,FAM198B
ENSG00000164161,HHIP
ENSG00000164169,PRMT9
ENSG00000164265,SCGB3A2
ENSG00000164266,SPINK1
ENSG00000164283,ESM1
ENSG00000164287,CDC20B
ENSG00000164330,EBF1
ENSG00000164400,CSF2
ENSG00000164483,SAMD3
ENSG00000164485,IL22RA2
ENSG00000164530,PI16
ENSG00000164543,STK17A
ENSG00000164611,PTTG1
ENSG00000164674,SYTL3
ENSG00000164675,IQUB
ENSG00000164683,HEY1
ENSG00000164687,FABP5
ENSG00000164691,TAGAP
ENSG00000164692,COL1A2
ENSG00000164736,SOX17
ENSG00000164741,DLC1
ENSG00000164825,DEFB1
ENSG00000164849,GPR146
ENSG00000164879,CA3
ENSG00000164932,CTHRC1
ENSG00000164949,GEM
ENSG00000164953,TMEM67
ENSG00000164972,C9orf24
ENSG00000165029,ABCA1
ENSG00000165071,TMEM71
ENSG00000165072,MAMDC2
ENSG00000165124,SVEP1
ENSG00000165140,FBP1
ENSG00000165168,CYBB
ENSG00000165215,CLDN3
ENSG00000165272,AQP3
ENSG00000165309,ARMC3
ENSG00000165312,OTUD1
ENSG00000165457,FOLR2
ENSG00000165507,C10orf10
ENSG00000165646,SLC18A2
ENSG00000165682,CLEC1B
ENSG00000165698,C9orf9
ENSG00000165795,NDRG2
ENSG00000165810,BTNL9
ENSG00000165949,IFI27
ENSG00000165997,ARL5B
ENSG00000166033,HTRA1
ENSG00000166086,JAM3
ENSG00000166147,FBN1
ENSG00000166165,CKB
ENSG00000166171,DPCD
ENSG00000166265,CYYR1
ENSG00000166289,PLEKHF1
ENSG00000166292,TMEM100
ENSG00000166347,CYB5A
ENSG00000166428,PLD4
ENSG00000166482,MFAP4
ENSG00000166501,PRKCB
ENSG00000166523,CLEC4E
ENSG00000166527,CLEC4D
ENSG00000166592,RRAD
ENSG00000166596,CFAP52
ENSG00000166670,MMP10
ENSG00000166741,NNMT
ENSG00000166803,KIAA0101
ENSG00000166825,ANPEP
ENSG00000166920,C15orf48
ENSG00000166927,MS4A7
ENSG00000166959,MS4A8
ENSG00000166961,MS4A15
ENSG00000166963,MAP1A
ENSG00000167077,MEI1
ENSG00000167244,IGF2
ENSG00000167286,CD3D
ENSG00000167419,LPO
ENSG00000167434,CA4
ENSG00000167552,TUBA1A
ENSG00000167601,AXL
ENSG00000167604,NFKBID
ENSG00000167613,LAIR1
ENSG00000167618,LAIR2
ENSG00000167633,KIR3DL1
ENSG00000167641,PPP1R14A
ENSG00000167644,C19orf33
ENSG00000167646,DNAAF3
ENSG00000167653,PSCA
ENSG00000167656,LY6D
ENSG00000167664,TMIGD2
ENSG00000167680,SEMA6B
ENSG00000167755,KLK6
ENSG00000167757,KLK11
ENSG00000167768,KRT1
ENSG00000167772,ANGPTL4
ENSG00000167779,IGFBP6
ENSG00000167851,CD300A
ENSG00000167858,TEKT1
ENSG00000167916,KRT24
ENSG00000167972,ABCA3
ENSG00000167984,NLRC3
ENSG00000168079,SCARA5
ENSG00000168081,PNOC
ENSG00000168209,DDIT4
ENSG00000168229,PTGDR
ENSG00000168269,FOXI1
ENSG00000168280,KIF5C
ENSG00000168309,FAM107A
ENSG00000168329,CX3CR1
ENSG00000168386,FILIP1L
ENSG00000168389,MFSD2A
ENSG00000168421,RHOH
ENSG00000168477,TNXB
ENSG00000168484,SFTPC
ENSG00000168497,SDPR
ENSG00000168542,COL3A1
ENSG00000168589,DYNLRB2
ENSG00000168658,VWA3B
ENSG00000168685,IL7R
ENSG00000168734,PKIG
ENSG00000168878,SFTPB
ENSG00000168899,VAMP5
ENSG00000168918,INPP5D
ENSG00000168952,STXBP6
ENSG00000169035,KLK7
ENSG00000169064,ZBBX
ENSG00000169194,IL13
ENSG00000169224,GCSAML
ENSG00000169242,EFNA1
ENSG00000169245,CXCL10
ENSG00000169248,CXCL11
ENSG00000169306,IL1RAPL1
ENSG00000169314,C22orf15
ENSG00000169347,GP2
ENSG00000169385,RNASE2
ENSG00000169413,RNASE6
ENSG00000169429,CXCL8
ENSG00000169439,SDC2
ENSG00000169442,CD52
ENSG00000169469,SPRR1B
ENSG00000169507,SLC38A11
ENSG00000169508,GPR183
ENSG00000169509,CRCT1
ENSG00000169554,ZEB2
ENSG00000169583,CLIC3
ENSG00000169710,FASN
ENSG00000169715,MT1E
ENSG00000169744,LDB2
ENSG00000169877,AHSP
ENSG00000169896,ITGAM
ENSG00000169908,TM4SF1
ENSG00000170128,GPR25
ENSG00000170231,FABP6
ENSG00000170323,FABP4
ENSG00000170324,FRMPD2
ENSG00000170345,FOS
ENSG00000170373,CST1
ENSG00000170421,KRT8
ENSG00000170442,KRT86
ENSG00000170458,CD14
ENSG00000170476,MZB1
ENSG00000170477,KRT4
ENSG00000170509,HSD17B13
ENSG00000170525,PFKFB3
ENSG00000170542,SERPINB9
ENSG00000170571,EMB
ENSG00000170786,SDR16C5
ENSG00000170801,HTRA3
ENSG00000170873,MTSS1
ENSG00000170890,PLA2G1B
ENSG00000170891,CYTL1
ENSG00000170961,HAS2
ENSG00000170989,S1PR1
ENSG00000171049,FPR2
ENSG00000171051,FPR1
ENSG00000171056,SOX7
ENSG00000171115,GIMAP8
ENSG00000171195,MUC7
ENSG00000171236,LRG1
ENSG00000171243,SOSTDC1
ENSG00000171345,KRT19
ENSG00000171346,KRT15
ENSG00000171401,KRT13
ENSG00000171476,HOPX
ENSG00000171522,PTGER4
ENSG00000171557,FGG
ENSG00000171595,DNAI2
ENSG00000171596,NMUR1
ENSG00000171608,PIK3CD
ENSG00000171643,S100Z
ENSG00000171657,GPR82
ENSG00000171659,GPR34
ENSG00000171711,DEFB4A
ENSG00000171791,BCL2
ENSG00000171811,CFAP46
ENSG00000171848,RRM2
ENSG00000171860,C3AR1
ENSG00000171885,AQP4
ENSG00000171951,SCG2
ENSG00000171962,DRC3
ENSG00000172005,MAL
ENSG00000172116,CD8B
ENSG00000172137,CALB2
ENSG00000172156,CCL11
ENSG00000172175,MALT1
ENSG00000172183,ISG20
ENSG00000172201,ID4
ENSG00000172215,CXCR6
ENSG00000172236,TPSAB1
ENSG00000172349,IL16
ENSG00000172361,CFAP53
ENSG00000172403,SYNPO2
ENSG00000172426,RSPH9
ENSG00000172456,FGGY
ENSG00000172543,CTSW
ENSG00000172551,MUCL1
ENSG00000172575,RASGRP1
ENSG00000172578,KLHL6
ENSG00000172602,RND1
ENSG00000172673,THEMIS
ENSG00000172724,CCL19
ENSG00000172889,EGFL7
ENSG00000172965,MIR4435-2HG
ENSG00000173110,HSPA6
ENSG00000173267,SNCG
ENSG00000173269,MMRN2
ENSG00000173369,C1QB
ENSG00000173372,C1QA
ENSG00000173391,OLR1
ENSG00000173432,SAA1
ENSG00000173451,THAP2
ENSG00000173467,AGR3
ENSG00000173559,NABP1
ENSG00000173706,HEG1
ENSG00000173762,CD7
ENSG00000173917,HOXB2
ENSG00000173947,PIFO
ENSG00000174059,CD34
ENSG00000174171,RP11-23P13.6
ENSG00000174175,SELP
ENSG00000174255,ZNF80
ENSG00000174348,PODN
ENSG00000174501,ANKRD36C
ENSG00000174640,SLCO2A1
ENSG00000174718,KIAA1551
ENSG00000174776,WDR49
ENSG00000174807,CD248
ENSG00000174844,DNAH12
ENSG00000174898,CATSPERD
ENSG00000174944,P2RY14
ENSG00000174946,GPR171
ENSG00000174950,CD164L2
ENSG00000175040,CHST2
ENSG00000175063,UBE2C
ENSG00000175084,DES
ENSG00000175130,MARCKSL1
ENSG00000175183,CSRP2
ENSG00000175267,VWA3A
ENSG00000175294,CATSPER1
ENSG00000175315,CST6
ENSG00000175445,LPL
ENSG00000175463,TBC1D10C
ENSG00000175664,TEX26
ENSG00000175745,NR2F1
ENSG00000175793,SFN
ENSG00000175857,GAPT
ENSG00000175899,A2M
ENSG00000175906,ARL4D
ENSG00000176009,ASCL3
ENSG00000176029,C11orf16
ENSG00000176046,NUPR1
ENSG00000176083,ZNF683
ENSG00000176170,SPHK1
ENSG00000176435,CLEC14A
ENSG00000176601,MAP3K19
ENSG00000176771,NCKAP5
ENSG00000176788,BASP1
ENSG00000176890,TYMS
ENSG00000176907,C8orf4
ENSG00000176971,FIBIN
ENSG00000177303,CASKIN2
ENSG00000177464,GPR4
ENSG00000177469,PTRF
ENSG00000177575,CD163
ENSG00000177606,JUN
ENSG00000177721,ANXA2R
ENSG00000177989,ODF3B
ENSG00000178053,MLF1
ENSG00000178363,CALML3
ENSG00000178531,CTXN1
ENSG00000178562,CD28
ENSG00000178573,MAF
ENSG00000178623,GPR35
ENSG00000178695,KCTD12
ENSG00000178726,THBD
ENSG00000178796,RIIAD1
ENSG00000178878,APOLD1
ENSG00000178934,LGALS7B
ENSG00000178965,ERICH3
ENSG00000179144,GIMAP7
ENSG00000179178,TMEM125
ENSG00000179344,HLA-DQB1
ENSG00000179348,GATA2
ENSG00000179388,EGR3
ENSG00000179639,FCER1A
ENSG00000179776,CDH5
ENSG00000179813,FAM216B
ENSG00000179902,C1orf194
ENSG00000179914,ITLN1
ENSG00000180096,SEPT1
ENSG00000180155,LYNX1
ENSG00000180448,HMHA1
ENSG00000180644,PRF1
ENSG00000180739,S1PR5
ENSG00000181019,NQO1
ENSG00000181036,FCRL6
ENSG00000181085,MAPK15
ENSG00000181104,F2R
ENSG00000181123,RP4-539M6.14
ENSG00000181143,MUC16
ENSG00000181374,CCL13
ENSG00000181458,TMEM45A
ENSG00000181617,FDCSP
ENSG00000181649,PHLDA2
ENSG00000181847,TIGIT
ENSG00000182010,RTKN2
ENSG00000182162,P2RY8
ENSG00000182287,AP1S2
ENSG00000182326,C1S
ENSG00000182329,KIAA2012
ENSG00000182393,IFNL1
ENSG00000182463,TSHZ2
ENSG00000182492,BGN
ENSG00000182568,SATB1
ENSG00000182578,CSF1R
ENSG00000182667,NTM
ENSG00000182809,CRIP2
ENSG00000182853,VMO1
ENSG00000182866,LCK
ENSG00000182871,COL18A1
ENSG00000182985,CADM1
ENSG00000183018,SPNS2
ENSG00000183019,MCEMP1
ENSG00000183023,SLC8A1
ENSG00000183087,GAS6
ENSG00000183346,C10orf107
ENSG00000183395,PMCH
ENSG00000183484,GPR132
ENSG00000183486,MX2
ENSG00000183508,FAM46C
ENSG00000183542,KLRC4
ENSG00000183607,GKN2
ENSG00000183615,FAM167B
ENSG00000183644,C11orf88
ENSG00000183688,FAM101B
ENSG00000183722,LHFP
ENSG00000183780,SLC35F3
ENSG00000183807,FAM162B
ENSG00000183813,CCR4
ENSG00000183833,MAATS1
ENSG00000183918,SH2D1A
ENSG00000184113,CLDN5
ENSG00000184205,TSPYL2
ENSG00000184254,ALDH1A3
ENSG00000184292,TACSTD2
ENSG00000184293,CLECL1
ENSG00000184371,CSF1
ENSG00000184515,BEX5
ENSG00000184530,C6orf58
ENSG00000184557,SOCS3
ENSG00000184588,PDE4B
ENSG00000184908,CLCNKB
ENSG00000184922,FMNL1
ENSG00000184949,FAM227A
ENSG00000185055,EFCAB10
ENSG00000185112,FAM43A
ENSG00000185201,IFITM2
ENSG00000185215,TNFAIP2
ENSG00000185250,PPIL6
ENSG00000185291,IL3RA
ENSG00000185303,SFTPA2
ENSG00000185338,SOCS1
ENSG00000185361,TNFAIP8L1
ENSG00000185477,GPRIN3
ENSG00000185479,KRT6B
ENSG00000185499,MUC1
ENSG00000185633,NDUFA4L2
ENSG00000185681,MORN5
ENSG00000185697,MYBL1
ENSG00000185745,IFIT1
ENSG00000185811,IKZF1
ENSG00000185860,CCDC190
ENSG00000185862,EVI2B
ENSG00000185873,TMPRSS11B
ENSG00000185885,IFITM1
ENSG00000185897,FFAR3
ENSG00000185905,C16orf54
ENSG00000185947,ZNF267
ENSG00000186081,KRT5
ENSG00000186265,BTLA
ENSG00000186340,THBS2
ENSG00000186352,ANKRD37
ENSG00000186407,CD300E
ENSG00000186409,CCDC30
ENSG00000186469,GNG2
ENSG00000186471,AKAP14
ENSG00000186474,KLK12
ENSG00000186480,INSIG1
ENSG00000186710,CFAP73
ENSG00000186810,CXCR3
ENSG00000186818,LILRB4
ENSG00000186827,TNFRSF4
ENSG00000186832,KRT16
ENSG00000186847,KRT14
ENSG00000186891,TNFRSF18
ENSG00000186973,FAM183A
ENSG00000187116,LILRA5
ENSG00000187134,AKR1C1
ENSG00000187193,MT1X
ENSG00000187240,DYNC2H1
ENSG00000187244,BCAM
ENSG00000187474,FPR3
ENSG00000187479,C11orf96
ENSG00000187492,CDHR4
ENSG00000187498,COL4A1
ENSG00000187513,GJA4
ENSG00000187608,ISG15
ENSG00000187837,HIST1H1C
ENSG00000187908,DMBT1
ENSG00000187955,COL14A1
ENSG00000188001,TPRG1
ENSG00000188010,MORN2
ENSG00000188039,NWD1
ENSG00000188042,ARL4C
ENSG00000188100,FAM25A
ENSG00000188175,HEPACAM2
ENSG00000188257,PLA2G2A
ENSG00000188290,HES4
ENSG00000188389,PDCD1
ENSG00000188396,TCTEX1D4
ENSG00000188404,SELL
ENSG00000188536,HBA2
ENSG00000188596,CFAP54
ENSG00000188643,S100A16
ENSG00000188659,SAXO2
ENSG00000188783,PRELP
ENSG00000188817,SNTN
ENSG00000188820,FAM26F
ENSG00000188906,LRRK2
ENSG00000188921,HACD4
ENSG00000188931,CFAP126
ENSG00000189001,SBSN
ENSG00000189013,KIR2DL4
ENSG00000189058,APOD
ENSG00000189129,PLAC9
ENSG00000189143,CLDN4
ENSG00000189334,S100A14
ENSG00000189350,FAM179A
ENSG00000189377,CXCL17
ENSG00000189409,MMP23B
ENSG00000189430,NCR1
ENSG00000196126,HLA-DRB1
ENSG00000196139,AKR1C3
ENSG00000196154,S100A4
ENSG00000196188,CTSE
ENSG00000196196,HRCT1
ENSG00000196260,SFTA2
ENSG00000196329,GIMAP5
ENSG00000196611,MMP1
ENSG00000196616,ADH1B
ENSG00000196628,TCF4
ENSG00000196684,HSH2D
ENSG00000196735,HLA-DQA1
ENSG00000196754,S100A2
ENSG00000196839,ADA
ENSG00000196843,ARID5A
ENSG00000196872,KIAA1211L
ENSG00000196878,LAMB3
ENSG00000196924,FLNA
ENSG00000196935,SRGAP1
ENSG00000197043,ANXA6
ENSG00000197057,DTHD1
ENSG00000197168,NEK5
ENSG00000197245,FAM110D
ENSG00000197249,SERPINA1
ENSG00000197253,TPSB2
ENSG00000197353,LYPD2
ENSG00000197405,C5AR1
ENSG00000197446,CYP2F1
ENSG00000197471,SPN
ENSG00000197540,GZMM
ENSG00000197614,MFAP5
ENSG00000197629,MPEG1
ENSG00000197632,SERPINB2
ENSG00000197641,SERPINB13
ENSG00000197653,DNAH10
ENSG00000197696,NMB
ENSG00000197748,CFAP43
ENSG00000197766,CFD
ENSG00000197826,C4orf22
ENSG00000197870,PRB3
ENSG00000197872,FAM49A
ENSG00000197992,CLEC9A
ENSG00000198075,SULT1C4
ENSG00000198183,BPIFA1
ENSG00000198400,NTRK1
ENSG00000198417,MT1F
ENSG00000198467,TPM2
ENSG00000198502,HLA-DRB5
ENSG00000198520,C1orf228
ENSG00000198523,PLN
ENSG00000198542,ITGBL1
ENSG00000198574,SH2D1B
ENSG00000198576,ARC
ENSG00000198643,FAM3D
ENSG00000198743,SLC5A3
ENSG00000198759,EGFL6
ENSG00000198771,RCSD1
ENSG00000198821,CD247
ENSG00000198832,SELM
ENSG00000198848,CES1
ENSG00000198851,CD3E
ENSG00000198919,DZIP3
ENSG00000198959,TGM2
ENSG00000203747,FCGR3A
ENSG00000203778,FAM229B
ENSG00000203780,FANK1
ENSG00000203785,SPRR2E
ENSG00000203883,SOX18
ENSG00000203985,LDLRAD1
ENSG00000204103,MAFB
ENSG00000204257,HLA-DMA
ENSG00000204262,COL5A2
ENSG00000204287,HLA-DRA
ENSG00000204291,COL15A1
ENSG00000204301,NOTCH4
ENSG00000204305,AGER
ENSG00000204385,SLC44A4
ENSG00000204388,HSPA1B
ENSG00000204389,HSPA1A
ENSG00000204472,AIF1
ENSG00000204475,NCR3
ENSG00000204482,LST1
ENSG00000204711,C9orf135
ENSG00000204815,TTC25
ENSG00000204936,CD177
ENSG00000204950,LRRC10B
ENSG00000205045,SLFN12L
ENSG00000205056,RP11-693J15.5
ENSG00000205076,LGALS7
ENSG00000205084,TMEM231
ENSG00000205336,ADGRG1
ENSG00000205358,MT1H
ENSG00000205362,MT1A
ENSG00000205364,MT1M
ENSG00000205413,SAMD9
ENSG00000205420,KRT6A
ENSG00000205502,C2CD4B
ENSG00000205809,KLRC2
ENSG00000205810,KLRC3
ENSG00000206072,SERPINB11
ENSG00000206073,SERPINB4
ENSG00000206172,HBA1
ENSG00000206177,HBM
ENSG00000206199,ANKUB1
ENSG00000206530,CFAP44
ENSG00000211445,GPX3
ENSG00000211592,IGKC
ENSG00000211598,IGKV4-1
ENSG00000211638,IGLV8-61
ENSG00000211640,IGLV6-57
ENSG00000211644,IGLV1-51
ENSG00000211648,IGLV1-47
ENSG00000211650,IGLV5-45
ENSG00000211651,IGLV1-44
ENSG00000211653,IGLV1-40
ENSG00000211659,IGLV3-25
ENSG00000211660,IGLV2-23
ENSG00000211662,IGLV3-21
ENSG00000211664,IGLV2-18
ENSG00000211666,IGLV2-14
ENSG00000211668,IGLV2-11
ENSG00000211669,IGLV3-10
ENSG00000211670,IGLV3-9
ENSG00000211673,IGLV3-1
ENSG00000211677,IGLC2
ENSG00000211679,IGLC3
ENSG00000211685,IGLC7
ENSG00000211689,TRGC1
ENSG00000211694,TRGV10
ENSG00000211695,TRGV9
ENSG00000211698,TRGV4
ENSG00000211699,TRGV3
ENSG00000211706,TRBV6-1
ENSG00000211747,TRBV20-1
ENSG00000211751,TRBC1
ENSG00000211752,TRBV27
ENSG00000211772,TRBC2
ENSG00000211778,TRAV4
ENSG00000211788,TRAV13-1
ENSG00000211789,TRAV12-2
ENSG00000211791,TRAV13-2
ENSG00000211792,TRAV14DV4
ENSG00000211793,TRAV9-2
ENSG00000211794,TRAV12-3
ENSG00000211795,TRAV8-6
ENSG00000211796,TRAV16
ENSG00000211797,TRAV17
ENSG00000211800,TRAV20
ENSG00000211801,TRAV21
ENSG00000211802,TRAV22
ENSG00000211803,TRAV23DV6
ENSG00000211806,TRAV25
ENSG00000211810,TRAV29DV5
ENSG00000211812,TRAV26-2
ENSG00000211829,TRDC
ENSG00000211890,IGHA2
ENSG00000211892,IGHG4
ENSG00000211893,IGHG2
ENSG00000211895,IGHA1
ENSG00000211896,IGHG1
ENSG00000211897,IGHG3
ENSG00000211898,IGHD
ENSG00000211899,IGHM
ENSG00000211935,IGHV1-3
ENSG00000211938,IGHV3-7
ENSG00000211943,IGHV3-15
ENSG00000211945,IGHV1-18
ENSG00000211947,IGHV3-21
ENSG00000211949,IGHV3-23
ENSG00000211950,IGHV1-24
ENSG00000211956,IGHV4-34
ENSG00000211959,IGHV4-39
ENSG00000211962,IGHV1-46
ENSG00000211966,IGHV5-51
ENSG00000211970,IGHV4-61
ENSG00000212901,KRTAP3-1
ENSG00000213085,CFAP45
ENSG00000213088,ACKR1
ENSG00000213123,TCTEX1D2
ENSG00000213145,CRIP1
ENSG00000213203,GIMAP1
ENSG00000213316,LTC4S
ENSG00000213626,LBH
ENSG00000213654,GPSM3
ENSG00000213658,LAT
ENSG00000213853,EMP2
ENSG00000213903,LTB4R
ENSG00000213949,ITGA1
ENSG00000214128,TMEM213
ENSG00000214548,MEG3
ENSG00000215182,MUC5AC
ENSG00000215187,FAM166B
ENSG00000215217,C5orf49
ENSG00000215788,TNFRSF25
ENSG00000216490,IFI30
ENSG00000221946,FXYD7
ENSG00000222037,IGLC6
ENSG00000222041,LINC00152
ENSG00000223350,IGLV9-49
ENSG00000223609,HBD
ENSG00000223865,HLA-DPB1
ENSG00000224373,IGHV4-59
ENSG00000224383,PRR29
ENSG00000224397,LINC01272
ENSG00000224650,IGHV3-74
ENSG00000224958,PGM5-AS1
ENSG00000224982,TMEM233
ENSG00000225383,SFTA1P
ENSG00000225783,MIAT
ENSG00000225936,RP11-501J20.5
ENSG00000226179,LINC00685
ENSG00000226644,RP11-128M1.1
ENSG00000226777,KIAA0125
ENSG00000226979,LTA
ENSG00000227191,TRGC2
ENSG00000227507,LTB
ENSG00000228401,RP11-251M1.1
ENSG00000228723,SRGAP3-AS2
ENSG00000229056,AC020571.3
ENSG00000229124,VIM-AS1
ENSG00000229274,XXbac-BPG13B8.10
ENSG00000229415,SFTA3
ENSG00000229807,XIST
ENSG00000230062,ANKRD66
ENSG00000230657,PRB4
ENSG00000231389,HLA-DPA1
ENSG00000231475,IGHV4-31
ENSG00000231621,AC013264.2
ENSG00000231721,LINC-PINT
ENSG00000231738,TSPAN19
ENSG00000232629,HLA-DQB2
ENSG00000232679,RP11-400N13.3
ENSG00000232810,TNF
ENSG00000233306,TRGV2
ENSG00000233429,HOTAIRM1
ENSG00000233559,AC016831.7
ENSG00000233968,RP11-354E11.2
ENSG00000234184,RP5-887A10.1
ENSG00000234663,AC104820.2
ENSG00000234883,MIR155HG
ENSG00000235162,C12orf75
ENSG00000235385,GS1-600G8.5
ENSG00000235576,AC092580.4
ENSG00000235584,AC008268.1
ENSG00000236213,AC006369.2
ENSG00000236481,AC002331.1
ENSG00000236824,BCYRN1
ENSG00000237499,RP11-356I2.4
ENSG00000237541,HLA-DQA2
ENSG00000237702,TRBV3-1
ENSG00000239453,SIDT1-AS1
ENSG00000239713,APOBEC3G
ENSG00000239819,IGKV1D-8
ENSG00000239839,DEFA3
ENSG00000239951,IGKV3-20
ENSG00000239961,LILRA4
ENSG00000240382,IGKV1-17
ENSG00000240403,KIR3DL2
ENSG00000240505,TNFRSF13B
ENSG00000240583,AQP1
ENSG00000240864,IGKV1-16
ENSG00000241163,LINC00877
ENSG00000241351,IGKV3-11
ENSG00000241490,RP11-553L6.2
ENSG00000241644,INMT
ENSG00000241755,IGKV1-9
ENSG00000241794,SPRR2A
ENSG00000242265,PEG10
ENSG00000242534,IGKV2D-28
ENSG00000242574,HLA-DMB
ENSG00000243238,IGKV2-30
ENSG00000243290,IGKV1-12
ENSG00000243449,C4orf48
ENSG00000243466,IGKV1-5
ENSG00000243566,UPK3B
ENSG00000243649,CFB
ENSG00000243772,KIR2DL3
ENSG00000243910,TUBA4B
ENSG00000243955,GSTA1
ENSG00000244067,GSTA2
ENSG00000244094,SPRR2F
ENSG00000244437,IGKV3-15
ENSG00000244575,IGKV1-27
ENSG00000244734,HBB
ENSG00000244879,GABPB1-AS1
ENSG00000245164,LINC00861
ENSG00000245694,CRNDE
ENSG00000245888,FLJ21408
ENSG00000245904,RP11-796E2.4
ENSG00000245954,RP11-18H21.1
ENSG00000247982,LINC00926
ENSG00000248144,ADH1C
ENSG00000248323,LUCAT1
ENSG00000248712,CCDC153
ENSG00000249437,NAIP
ENSG00000249669,CARMN
ENSG00000249751,ECSCR
ENSG00000250722,SEPP1
ENSG00000251131,CTD-2035E11.3
ENSG00000251230,MIR3945HG
ENSG00000251301,RP11-81H14.2
ENSG00000251655,PRB1
ENSG00000253701,AL928768.3
ENSG00000253755,IGHGP
ENSG00000254709,IGLL5
ENSG00000255569,TRAV1-1
ENSG00000255823,MTRNR2L8
ENSG00000255974,CYP2A6
ENSG00000256039,RP11-291B21.2
ENSG00000256061,DYX1C1
ENSG00000256128,LINC00944
ENSG00000256235,SMIM3
ENSG00000256862,RP11-664D1.1
ENSG00000256948,RP11-598F7.3
ENSG00000257017,HP
ENSG00000257057,C11orf97
ENSG00000257698,RP11-620J15.3
ENSG00000257764,RP11-1143G9.4
ENSG00000258227,CLEC5A
ENSG00000258476,RP11-76E17.3
ENSG00000258752,RP11-356K23.1
ENSG00000259225,RP11-1008C21.1
ENSG00000260057,LINC01571
ENSG00000260314,MRC1
ENSG00000261371,PECAM1
ENSG00000261971,MMP25-AS1
ENSG00000262202,RP11-160E2.6
ENSG00000262406,MMP12
ENSG00000263639,MSMB
ENSG00000263961,C1orf186
ENSG00000265107,GJA5
ENSG00000265206,RP5-1171I10.5
ENSG00000266524,GDF10
ENSG00000266964,FXYD1
ENSG00000267107,PCAT19
ENSG00000267121,CTD-2020K17.1
ENSG00000267206,LCN6
ENSG00000267280,TBX2-AS1
ENSG00000267453,AC004791.2
ENSG00000267519,CTD-3252C9.4
ENSG00000267795,SMIM22
ENSG00000268027,AC006129.2
ENSG00000268104,SLC6A14
ENSG00000268388,FENDRR
ENSG00000268734,CTB-61M7.2
ENSG00000269220,LINC00528
ENSG00000269404,SPIB
ENSG00000269821,KCNQ1OT1
ENSG00000269927,RP6-91H8.3
ENSG00000269936,RP11-394O4.5
ENSG00000270022,RNU12
ENSG00000270069,MIR222HG
ENSG00000270164,LINC01480
ENSG00000270379,HEATR9
ENSG00000270550,IGHV3-30
ENSG00000271204,RP11-138A9.1
ENSG00000271503,CCL5
ENSG00000271614,LINC00936
ENSG00000271869,RP11-51J9.5
ENSG00000271933,RP11-338I21.1
ENSG00000271938,RP11-589C21.6
ENSG00000272211,RP11-347P5.1
ENSG00000272282,RP11-222K16.2
ENSG00000272398,CD24
ENSG00000273319,RP11-138A9.2
ENSG00000273338,RP11-386I14.4
ENSG00000273428,RP4-539M6.22
ENSG00000273445,RP11-1399P15.1
ENSG00000273802,HIST1H2BG
ENSG00000274736,CCL23
ENSG00000274961,RP3-492J12.2
ENSG00000275302,CCL4
ENSG00000275385,CCL18
ENSG00000275395,FCGBP
ENSG00000275718,CCL15
ENSG00000276070,CCL4L2
ENSG00000276085,CCL3L3
ENSG00000276216,CH17-373J23.1
ENSG00000276409,CCL14
ENSG00000276900,RP11-467L13.7
ENSG00000277089,AC069363.1
ENSG00000277443,MARCKS
ENSG00000277494,GPIHBP1
ENSG00000277632,CCL3
ENSG00000277639,RP11-295M3.4
ENSG00000277734,TRAC
ENSG00000278002,RP11-596C23.2
ENSG00000278196,IGLV2-8
ENSG00000279576,AP000769.1
ENSG00000280721,AC133644.2
ENSG00000281103,TRG-AS1
ENSG00000282122,CH17-262H11.1
ENSG00000282988,RP1-34B20.21
ENSG00000283063,TRBV6-2
